budget,P,B,lang,resource_tier,status,n_verify_lang,naive_fpr_lang_pct,naive_fpr_lang_pct_low,naive_fpr_lang_pct_high,naive_fpr_lang_pct_actual,naive_fpr_lang_overall_pct,naive_fpr_lang_overall_pct_low,naive_fpr_lang_overall_pct_high,naive_fpr_lang_overall_pct_actual,fpr_at_global_tau_pct,fpr_at_global_tau_pct_low,fpr_at_global_tau_pct_high,fpr_at_global_tau_pct_actual,tau_lang,tau_lang_low,tau_lang_high,tau_lang_actual
fixed,33,20,fr,high,measured,250,25.2,25.2,25.2,25.2,26.4,26.4,26.4,26.4,0.8,0.8,0.8,0.8,4.267,4.267,4.267,4.267
fixed,33,20,de,high,measured,250,29.2,29.2,29.2,29.2,25.8,25.8,25.8,25.8,0.8,0.8,0.8,0.8,3.442,3.442,3.442,3.442
fixed,33,20,it,high,measured,250,34.8,34.8,34.8,34.8,28.8,28.8,28.8,28.8,1.2,1.2,1.2,1.2,3.456,3.456,3.456,3.456
fixed,33,20,es,high,measured,250,34.4,34.4,34.4,34.4,30.2,30.2,30.2,30.2,0.8,0.8,0.8,0.8,4.103,4.103,4.103,4.103
fixed,33,20,pt,high,measured,250,25.2,25.2,25.2,25.2,26.6,26.6,26.6,26.6,0.4,0.4,0.4,0.4,4.49,4.49,4.49,4.49
fixed,33,20,pl,medium,measured,250,26.0,26.0,26.0,26.0,28.2,28.2,28.2,28.2,2.4,2.4,2.4,2.4,3.877,3.877,3.877,3.877
fixed,33,20,nl,medium,measured,250,26.0,26.0,26.0,26.0,26.0,26.0,26.0,26.0,0.4,0.4,0.4,0.4,3.687,3.687,3.687,3.687
fixed,33,20,ru,medium,measured,250,32.0,32.0,32.0,32.0,30.8,30.8,30.8,30.8,1.6,1.6,1.6,1.6,3.804,3.804,3.804,3.804
fixed,33,20,hi,medium,measured,250,29.2,29.2,29.2,29.2,28.0,28.0,28.0,28.0,0.8,0.8,0.8,0.8,3.972,3.972,3.972,3.972
fixed,33,20,ko,medium,measured,250,27.2,27.2,27.2,27.2,30.2,30.2,30.2,30.2,0.8,0.8,0.8,0.8,3.756,3.756,3.756,3.756
fixed,33,20,ja,medium,measured,250,34.0,34.0,34.0,34.0,31.6,31.6,31.6,31.6,0.8,0.8,0.8,0.8,3.712,3.712,3.712,3.712
fixed,33,20,bn,low,measured,250,27.2,27.2,27.2,27.2,27.6,27.6,27.6,27.6,1.2,1.2,1.2,1.2,3.772,3.772,3.772,3.772
fixed,33,20,fa,low,measured,250,26.4,26.4,26.4,26.4,29.6,29.6,29.6,29.6,1.2,1.2,1.2,1.2,3.694,3.694,3.694,3.694
fixed,33,20,vi,low,measured,250,32.4,32.4,32.4,32.4,29.8,29.8,29.8,29.8,1.6,1.6,1.6,1.6,3.49,3.49,3.49,3.49
fixed,33,20,iw,low,measured,250,28.8,28.8,28.8,28.8,27.4,27.4,27.4,27.4,1.6,1.6,1.6,1.6,3.61,3.61,3.61,3.61
fixed,33,20,uk,low,measured,250,30.4,30.4,30.4,30.4,28.4,28.4,28.4,28.4,2.0,2.0,2.0,2.0,3.904,3.904,3.904,3.904
fixed,33,20,ta,low,measured,250,28.4,28.4,28.4,28.4,29.4,29.4,29.4,29.4,0.8,0.8,0.8,0.8,4.015,4.015,4.015,4.015
fixed,66,20,fr,high,measured,250,22.8,22.8,22.8,22.8,22.8,22.8,22.8,22.8,0.4,0.4,0.4,0.4,3.749,3.749,3.749,3.749
fixed,66,20,de,high,measured,250,25.6,25.6,25.6,25.6,26.0,26.0,26.0,26.0,0.8,0.8,0.8,0.8,3.543,3.543,3.543,3.543
fixed,66,20,it,high,measured,250,28.0,28.0,28.0,28.0,26.2,26.2,26.2,26.2,1.2,1.2,1.2,1.2,3.508,3.508,3.508,3.508
fixed,66,20,es,high,measured,250,26.0,26.0,26.0,26.0,27.8,27.8,27.8,27.8,0.8,0.8,0.8,0.8,4.269,4.269,4.269,4.269
fixed,66,20,pt,high,measured,250,26.8,26.8,26.8,26.8,26.6,26.6,26.6,26.6,1.6,1.6,1.6,1.6,4.018,4.018,4.018,4.018
fixed,66,20,pl,medium,measured,250,24.4,24.4,24.4,24.4,29.6,29.6,29.6,29.6,2.4,2.4,2.4,2.4,3.757,3.757,3.757,3.757
fixed,66,20,nl,medium,measured,250,24.8,24.8,24.8,24.8,26.4,26.4,26.4,26.4,1.2,1.2,1.2,1.2,4.023,4.023,4.023,4.023
fixed,66,20,ru,medium,measured,250,29.6,29.6,29.6,29.6,29.4,29.4,29.4,29.4,1.6,1.6,1.6,1.6,3.712,3.712,3.712,3.712
fixed,66,20,hi,medium,measured,250,23.6,23.6,23.6,23.6,23.8,23.8,23.8,23.8,1.6,1.6,1.6,1.6,3.739,3.739,3.739,3.739
fixed,66,20,ko,medium,measured,250,22.4,22.4,22.4,22.4,25.6,25.6,25.6,25.6,1.2,1.2,1.2,1.2,3.576,3.576,3.576,3.576
fixed,66,20,ja,medium,measured,250,26.8,26.8,26.8,26.8,27.2,27.2,27.2,27.2,1.2,1.2,1.2,1.2,3.7,3.7,3.7,3.7
fixed,66,20,bn,low,measured,250,25.2,25.2,25.2,25.2,25.0,25.0,25.0,25.0,0.0,0.0,0.0,0.0,3.881,3.881,3.881,3.881
fixed,66,20,fa,low,measured,250,24.8,24.8,24.8,24.8,27.0,27.0,27.0,27.0,1.2,1.2,1.2,1.2,3.862,3.862,3.862,3.862
fixed,66,20,vi,low,measured,250,24.4,24.4,24.4,24.4,24.6,24.6,24.6,24.6,0.4,0.4,0.4,0.4,3.593,3.593,3.593,3.593
fixed,66,20,iw,low,measured,250,30.0,30.0,30.0,30.0,28.2,28.2,28.2,28.2,0.4,0.4,0.4,0.4,3.891,3.891,3.891,3.891
fixed,66,20,uk,low,measured,250,26.0,26.0,26.0,26.0,26.6,26.6,26.6,26.6,0.8,0.8,0.8,0.8,3.739,3.739,3.739,3.739
fixed,66,20,ta,low,measured,250,27.6,27.6,27.6,27.6,28.4,28.4,28.4,28.4,0.4,0.4,0.4,0.4,4.06,4.06,4.06,4.06
fixed,126,20,fr,high,measured,250,23.6,23.6,23.6,23.6,23.6,23.6,23.6,23.6,1.2,1.2,1.2,1.2,4.033,4.033,4.033,4.033
fixed,126,20,de,high,measured,250,27.6,27.6,27.6,27.6,24.2,24.2,24.2,24.2,1.6,1.6,1.6,1.6,3.451,3.451,3.451,3.451
fixed,126,20,it,high,measured,250,27.6,27.6,27.6,27.6,26.0,26.0,26.0,26.0,1.2,1.2,1.2,1.2,3.776,3.776,3.776,3.776
fixed,126,20,es,high,measured,250,25.2,25.2,25.2,25.2,25.6,25.6,25.6,25.6,0.4,0.4,0.4,0.4,3.868,3.868,3.868,3.868
fixed,126,20,pt,high,measured,250,24.8,24.8,24.8,24.8,26.4,26.4,26.4,26.4,1.6,1.6,1.6,1.6,4.018,4.018,4.018,4.018
fixed,126,20,pl,medium,measured,250,30.8,30.8,30.8,30.8,30.2,30.2,30.2,30.2,1.2,1.2,1.2,1.2,3.758,3.758,3.758,3.758
fixed,126,20,nl,medium,measured,250,26.0,26.0,26.0,26.0,27.0,27.0,27.0,27.0,0.4,0.4,0.4,0.4,3.578,3.578,3.578,3.578
fixed,126,20,ru,medium,measured,250,27.6,27.6,27.6,27.6,28.2,28.2,28.2,28.2,0.4,0.4,0.4,0.4,3.761,3.761,3.761,3.761
fixed,126,20,hi,medium,measured,250,27.2,27.2,27.2,27.2,27.6,27.6,27.6,27.6,1.2,1.2,1.2,1.2,3.926,3.926,3.926,3.926
fixed,126,20,ko,medium,measured,250,21.6,21.6,21.6,21.6,27.6,27.6,27.6,27.6,1.2,1.2,1.2,1.2,3.756,3.756,3.756,3.756
fixed,126,20,ja,medium,measured,250,27.6,27.6,27.6,27.6,26.8,26.8,26.8,26.8,1.2,1.2,1.2,1.2,3.755,3.755,3.755,3.755
fixed,126,20,bn,low,measured,250,27.6,27.6,27.6,27.6,27.4,27.4,27.4,27.4,1.6,1.6,1.6,1.6,3.556,3.556,3.556,3.556
fixed,126,20,fa,low,measured,250,20.8,20.8,20.8,20.8,24.6,24.6,24.6,24.6,0.8,0.8,0.8,0.8,3.755,3.755,3.755,3.755
fixed,126,20,vi,low,measured,250,24.0,24.0,24.0,24.0,23.4,23.4,23.4,23.4,0.4,0.4,0.4,0.4,4.065,4.065,4.065,4.065
fixed,126,20,iw,low,measured,250,26.8,26.8,26.8,26.8,27.0,27.0,27.0,27.0,0.0,0.0,0.0,0.0,3.797,3.797,3.797,3.797
fixed,126,20,uk,low,measured,250,26.0,26.0,26.0,26.0,26.2,26.2,26.2,26.2,1.6,1.6,1.6,1.6,3.677,3.677,3.677,3.677
fixed,126,20,ta,low,measured,250,23.6,23.6,23.6,23.6,24.4,24.4,24.4,24.4,0.4,0.4,0.4,0.4,4.162,4.162,4.162,4.162
proportional,33,10,fr,high,measured(global-tau forecast),250,16.4,16.4,16.4,,16.8,16.8,16.8,,0.4,0.0,2.8,,3.807,3.807,3.807,
proportional,33,10,de,high,measured(global-tau forecast),250,17.2,17.2,17.2,,14.4,14.4,14.4,,0.4,0.0,1.6,,3.138,3.138,3.138,
proportional,33,10,it,high,measured(global-tau forecast),250,17.2,17.2,17.2,,15.4,15.4,15.4,,1.2,0.0,2.8,,3.456,3.456,3.456,
proportional,33,10,es,high,measured(global-tau forecast),250,22.8,22.8,22.8,,19.6,19.6,19.6,,1.6,0.4,3.6,,4.215,4.215,4.215,
proportional,33,10,pt,high,measured(global-tau forecast),250,14.8,14.8,14.8,,15.6,15.6,15.6,,0.8,0.4,3.6,,4.581,4.581,4.581,
proportional,33,10,pl,medium,synthesised,250,16.4,10.4,25.6,,15.6,12.0,24.0,,2.4,1.6,4.4,,3.539,3.364,4.241,
proportional,33,10,nl,medium,synthesised,250,15.2,7.6,25.2,,16.6,11.8,25.0,,0.4,0.0,1.2,,3.393,3.212,4.048,
proportional,33,10,ru,medium,synthesised,250,20.4,14.8,29.2,,19.0,15.6,27.6,,1.6,0.8,3.2,,3.485,3.301,4.164,
proportional,33,10,hi,medium,synthesised,250,18.0,10.4,27.2,,17.0,12.0,25.0,,0.8,0.0,2.0,,3.608,3.401,4.346,
proportional,33,10,ko,medium,synthesised,250,15.6,8.4,26.0,,17.6,13.0,26.6,,0.8,0.0,1.6,,3.436,3.274,4.103,
proportional,33,10,ja,medium,synthesised,250,20.8,13.6,30.4,,19.4,14.4,27.2,,0.8,0.0,1.6,,3.401,3.223,4.063,
proportional,33,10,bn,low,synthesised,250,14.8,8.8,25.6,,14.8,10.4,23.8,,1.2,0.0,2.0,,3.452,3.291,4.138,
proportional,33,10,fa,low,synthesised,250,17.6,11.6,25.6,,17.6,13.2,25.0,,1.2,0.4,2.0,,3.392,3.212,4.054,
proportional,33,10,vi,low,synthesised,250,17.6,11.2,28.0,,15.6,11.2,23.8,,1.6,0.8,2.8,,3.22,3.058,3.871,
proportional,33,10,iw,low,synthesised,250,19.6,12.4,28.4,,17.2,12.2,25.2,,1.6,0.4,3.2,,3.321,3.14,3.983,
proportional,33,10,uk,low,synthesised,250,20.8,12.8,29.6,,18.2,13.0,25.6,,2.4,1.2,3.6,,3.586,3.368,4.285,
proportional,33,10,ta,low,synthesised,250,16.4,10.0,24.4,,15.0,11.2,22.6,,0.8,0.0,2.8,,3.623,3.419,4.366,
proportional,66,20,fr,high,measured,250,22.8,22.8,22.8,22.8,22.8,22.8,22.8,22.8,0.4,0.4,0.4,0.4,3.749,3.749,3.749,3.749
proportional,66,20,de,high,measured,250,25.6,25.6,25.6,25.6,26.0,26.0,26.0,26.0,0.8,0.8,0.8,0.8,3.543,3.543,3.543,3.543
proportional,66,20,it,high,measured,250,28.0,28.0,28.0,28.0,26.2,26.2,26.2,26.2,1.2,1.2,1.2,1.2,3.508,3.508,3.508,3.508
proportional,66,20,es,high,measured,250,26.0,26.0,26.0,26.0,27.8,27.8,27.8,27.8,0.8,0.8,0.8,0.8,4.269,4.269,4.269,4.269
proportional,66,20,pt,high,measured,250,26.8,26.8,26.8,26.8,26.6,26.6,26.6,26.6,1.6,1.6,1.6,1.6,4.018,4.018,4.018,4.018
proportional,66,20,pl,medium,measured,250,24.4,24.4,24.4,24.4,29.6,29.6,29.6,29.6,2.4,2.4,2.4,2.4,3.757,3.757,3.757,3.757
proportional,66,20,nl,medium,measured,250,24.8,24.8,24.8,24.8,26.4,26.4,26.4,26.4,1.2,1.2,1.2,1.2,4.023,4.023,4.023,4.023
proportional,66,20,ru,medium,measured,250,29.6,29.6,29.6,29.6,29.4,29.4,29.4,29.4,1.6,1.6,1.6,1.6,3.712,3.712,3.712,3.712
proportional,66,20,hi,medium,measured,250,23.6,23.6,23.6,23.6,23.8,23.8,23.8,23.8,1.6,1.6,1.6,1.6,3.739,3.739,3.739,3.739
proportional,66,20,ko,medium,measured,250,22.4,22.4,22.4,22.4,25.6,25.6,25.6,25.6,1.2,1.2,1.2,1.2,3.576,3.576,3.576,3.576
proportional,66,20,ja,medium,measured,250,26.8,26.8,26.8,26.8,27.2,27.2,27.2,27.2,1.2,1.2,1.2,1.2,3.7,3.7,3.7,3.7
proportional,66,20,bn,low,measured,250,25.2,25.2,25.2,25.2,25.0,25.0,25.0,25.0,0.0,0.0,0.0,0.0,3.881,3.881,3.881,3.881
proportional,66,20,fa,low,measured,250,24.8,24.8,24.8,24.8,27.0,27.0,27.0,27.0,1.2,1.2,1.2,1.2,3.862,3.862,3.862,3.862
proportional,66,20,vi,low,measured,250,24.4,24.4,24.4,24.4,24.6,24.6,24.6,24.6,0.4,0.4,0.4,0.4,3.593,3.593,3.593,3.593
proportional,66,20,iw,low,measured,250,30.0,30.0,30.0,30.0,28.2,28.2,28.2,28.2,0.4,0.4,0.4,0.4,3.891,3.891,3.891,3.891
proportional,66,20,uk,low,measured,250,26.0,26.0,26.0,26.0,26.6,26.6,26.6,26.6,0.8,0.8,0.8,0.8,3.739,3.739,3.739,3.739
proportional,66,20,ta,low,measured,250,27.6,27.6,27.6,27.6,28.4,28.4,28.4,28.4,0.4,0.4,0.4,0.4,4.06,4.06,4.06,4.06
proportional,126,38,fr,high,measured(global-tau forecast),250,40.0,40.0,40.0,,38.6,38.6,38.6,,1.2,0.0,3.6,,4.189,4.189,4.189,
proportional,126,38,de,high,measured(global-tau forecast),250,41.6,41.6,41.6,,39.0,39.0,39.0,,1.6,0.0,2.4,,3.61,3.61,3.61,
proportional,126,38,it,high,measured(global-tau forecast),250,47.2,47.2,47.2,,44.8,44.8,44.8,,1.2,0.0,2.4,,3.982,3.982,3.982,
proportional,126,38,es,high,measured(global-tau forecast),250,37.6,37.6,37.6,,38.2,38.2,38.2,,1.2,0.0,2.8,,4.189,4.189,4.189,
proportional,126,38,pt,high,measured(global-tau forecast),250,39.2,39.2,39.2,,40.6,40.6,40.6,,1.6,0.0,3.2,,4.145,4.145,4.145,
proportional,126,38,pl,medium,synthesised,250,48.0,42.0,56.8,,44.0,39.0,52.4,,1.6,0.8,2.8,,3.98,3.645,4.188,
proportional,126,38,nl,medium,synthesised,250,40.0,35.2,52.4,,40.8,35.4,51.4,,0.4,0.0,1.2,,3.832,3.487,4.007,
proportional,126,38,ru,medium,synthesised,250,40.0,33.6,50.0,,43.8,37.6,52.2,,0.4,0.0,1.2,,3.995,3.654,4.204,
proportional,126,38,hi,medium,synthesised,250,42.4,37.6,53.6,,41.2,35.6,50.6,,1.2,0.4,2.0,,4.157,3.748,4.441,
proportional,126,38,ko,medium,synthesised,250,34.8,29.2,46.4,,41.6,35.8,51.4,,1.2,0.4,2.4,,3.979,3.641,4.175,
proportional,126,38,ja,medium,synthesised,250,43.6,37.6,54.8,,41.2,36.2,50.6,,1.2,0.8,2.4,,3.988,3.631,4.204,
proportional,126,38,bn,low,synthesised,250,43.2,36.8,54.8,,41.8,35.8,51.2,,2.0,0.8,3.2,,3.829,3.461,4.03,
proportional,126,38,fa,low,synthesised,250,35.6,29.2,48.8,,37.8,32.8,48.0,,0.8,0.4,2.0,,3.979,3.639,4.176,
proportional,126,38,vi,low,synthesised,250,45.2,37.6,56.4,,43.4,35.8,53.0,,0.4,0.0,1.2,,4.422,3.963,5.138,
proportional,126,38,iw,low,synthesised,250,43.6,37.6,56.4,,42.0,36.6,51.2,,0.0,0.0,1.2,,4.006,3.671,4.25,
proportional,126,38,uk,low,synthesised,250,40.8,35.2,50.8,,42.6,36.8,50.6,,1.6,1.2,2.4,,3.922,3.578,4.116,
proportional,126,38,ta,low,synthesised,250,39.2,32.4,49.6,,39.8,33.8,49.4,,0.4,0.0,1.6,,4.59,4.043,5.762,
