target_language,optimization_type,strategy,best_languages,best_clusters,score,num_languages,language_selection_by_cluster
es,simple,max_distance,"['myv', 'izh', 'uig', 'krl', 'uzb', 'smn', 'smj', 'aze', 'sme', 'kir', 'tur', 'sms', 'kaz', 'hun', 'sma', 'mdf', 'liv', 'est', 'fin', 'udm', 'vep', 'kpv']","[4, 8]",1.0,22,
es,simple,min_distance,"['ell', 'lij', 'srd', 'arg', 'glg', 'ext', 'fra', 'por', 'lad', 'mwl', 'ron', 'vec', 'cat', 'nap', 'ast', 'pms', 'scn', 'ita', 'cos', 'lmo']","[14, 21]",0.606475,20,
es,simple,diversity,"['myv', 'izh', 'lij', 'srd', 'arg', 'krl', 'glg', 'ext', 'smn', 'smj', 'fra', 'por', 'sme', 'lad', 'mwl', 'ron', 'cat', 'sms', 'vec', 'hun', 'sma', 'nap', 'ast', 'mdf', 'pms', 'scn', 'liv', 'est', 'ita', 'fin', 'cos', 'udm', 'vep', 'kpv', 'lmo']","[4, 14]",0.606461592040866,35,
es,simple,gp_learning,"['myv', 'izh', 'lij', 'srd', 'arg', 'krl', 'glg', 'ext', 'smn', 'smj', 'fra', 'por', 'sme', 'lad', 'mwl', 'ron', 'cat', 'sms', 'vec', 'hun', 'sma', 'nap', 'ast', 'mdf', 'pms', 'scn', 'liv', 'est', 'ita', 'fin', 'cos', 'udm', 'vep', 'kpv', 'lmo']","[4, 14]",5.07255414119899,35,
es,simple,winner,"['myv', 'izh', 'lij', 'srd', 'arg', 'krl', 'glg', 'ext', 'smn', 'smj', 'fra', 'por', 'sme', 'lad', 'mwl', 'ron', 'cat', 'sms', 'vec', 'hun', 'sma', 'nap', 'ast', 'mdf', 'pms', 'scn', 'liv', 'est', 'ita', 'fin', 'cos', 'udm', 'vep', 'kpv', 'lmo']","[4, 14]",5.07255414119899,35,
vi,simple,max_distance,"['nap', 'scn', 'ext', 'sms', 'cat', 'arg', 'sme', 'spa', 'ron', 'lij', 'hun', 'liv', 'smn', 'pms', 'udm', 'fra', 'ita', 'cos', 'est', 'glg', 'kpv', 'srd', 'mwl', 'lmo', 'ast', 'vec', 'smj', 'izh', 'fin', 'mdf', 'lad', 'por', 'myv', 'vep', 'sma', 'krl']","[4, 14]",1.0,36,
vi,simple,min_distance,['khm'],[6],0.26770000000000005,1,
vi,simple,diversity,"['khm', 'tel']","[6, 20]",0.18739000000000003,2,
vi,simple,gp_learning,"['nap', 'scn', 'ext', 'sms', 'cat', 'arg', 'sme', 'spa', 'ron', 'lij', 'hun', 'liv', 'smn', 'pms', 'udm', 'fra', 'ita', 'cos', 'est', 'glg', 'kpv', 'srd', 'mwl', 'lmo', 'ast', 'vec', 'smj', 'izh', 'fin', 'mdf', 'lad', 'por', 'myv', 'vep', 'sma', 'krl']","[4, 14]",5.25,36,
vi,simple,winner,"['nap', 'scn', 'ext', 'sms', 'cat', 'arg', 'sme', 'spa', 'ron', 'lij', 'hun', 'liv', 'smn', 'pms', 'udm', 'fra', 'ita', 'cos', 'est', 'glg', 'kpv', 'srd', 'mwl', 'lmo', 'ast', 'vec', 'smj', 'izh', 'fin', 'mdf', 'lad', 'por', 'myv', 'vep', 'sma', 'krl']","[4, 14]",5.25,36,
fa,simple,max_distance,"['smj', 'uig', 'sms', 'vep', 'izh', 'krl', 'fin', 'tur', 'smn', 'aze', 'udm', 'hun', 'est', 'kpv', 'sme', 'uzb', 'kaz', 'liv', 'myv', 'mdf', 'kir', 'sma']","[4, 8]",1.0,22,
fa,simple,min_distance,"['asm', 'pan', 'urd', 'guj', 'tgk', 'nep', 'hin', 'ben', 'ori', 'mar', 'sin']",[1],0.24981818181818194,11,
fa,simple,diversity,"['asm', 'pan', 'kaz', 'urd', 'guj', 'tgk', 'uig', 'nep', 'hin', 'ben', 'ori', 'mar', 'tur', 'sin', 'uzb', 'aze', 'kir']","[1, 8]",0.3339984036219187,17,
fa,simple,gp_learning,"['smj', 'lmo', 'sms', 'cat', 'arg', 'nap', 'vep', 'ext', 'izh', 'por', 'krl', 'lij', 'pms', 'fin', 'mwl', 'smn', 'cos', 'ita', 'srd', 'udm', 'spa', 'hun', 'est', 'kpv', 'lad', 'ron', 'sme', 'fra', 'scn', 'ast', 'liv', 'myv', 'glg', 'mdf', 'vec', 'sma']","[4, 14]",5.240064673849917,36,
fa,simple,winner,"['smj', 'lmo', 'sms', 'cat', 'arg', 'nap', 'vep', 'ext', 'izh', 'por', 'krl', 'lij', 'pms', 'fin', 'mwl', 'smn', 'cos', 'ita', 'srd', 'udm', 'spa', 'hun', 'est', 'kpv', 'lad', 'ron', 'sme', 'fra', 'scn', 'ast', 'liv', 'myv', 'glg', 'mdf', 'vec', 'sma']","[4, 14]",5.240064673849917,36,
ko,simple,max_distance,"['krl', 'por', 'spa', 'scn', 'vep', 'sma', 'myv', 'cat', 'kpv', 'hun', 'est', 'ext', 'vec', 'liv', 'glg', 'ron', 'lmo', 'fin', 'ast', 'srd', 'udm', 'mdf', 'mwl', 'lad', 'arg', 'smn', 'cos', 'sme', 'izh', 'nap', 'pms', 'lij', 'sms', 'ita', 'fra', 'smj']","[4, 14]",1.0,36,
ko,simple,min_distance,"['krl', 'por', 'spa', 'scn', 'vep', 'sma', 'myv', 'cat', 'kpv', 'hun', 'est', 'ext', 'vec', 'liv', 'glg', 'ron', 'lmo', 'fin', 'ast', 'srd', 'udm', 'mdf', 'mwl', 'lad', 'arg', 'smn', 'cos', 'sme', 'izh', 'nap', 'pms', 'lij', 'sms', 'ita', 'fra', 'smj']","[4, 14]",0.0,36,
ko,simple,diversity,"['krl', 'por', 'spa', 'scn', 'vep', 'sma', 'myv', 'cat', 'kpv', 'hun', 'est', 'ext', 'vec', 'liv', 'glg', 'ron', 'lmo', 'fin', 'ast', 'srd', 'udm', 'mdf', 'mwl', 'lad', 'arg', 'smn', 'cos', 'sme', 'izh', 'nap', 'pms', 'lij', 'sms', 'ita', 'fra', 'smj']","[4, 14]",0.0,36,
ko,simple,gp_learning,"['krl', 'por', 'spa', 'scn', 'vep', 'sma', 'myv', 'cat', 'kpv', 'hun', 'est', 'ext', 'vec', 'liv', 'glg', 'ron', 'lmo', 'fin', 'ast', 'srd', 'udm', 'mdf', 'mwl', 'lad', 'arg', 'smn', 'cos', 'sme', 'izh', 'nap', 'pms', 'lij', 'sms', 'ita', 'fra', 'smj']","[4, 14]",5.25,36,
ko,simple,winner,"['krl', 'por', 'spa', 'scn', 'vep', 'sma', 'myv', 'cat', 'kpv', 'hun', 'est', 'ext', 'vec', 'liv', 'glg', 'ron', 'lmo', 'fin', 'ast', 'srd', 'udm', 'mdf', 'mwl', 'lad', 'arg', 'smn', 'cos', 'sme', 'izh', 'nap', 'pms', 'lij', 'sms', 'ita', 'fra', 'smj']","[4, 14]",5.25,36,
hi,simple,max_distance,"['myv', 'vep', 'aze', 'uzb', 'fin', 'smn', 'kaz', 'tur', 'sme', 'krl', 'udm', 'izh', 'est', 'sms', 'sma', 'hun', 'kir', 'mdf', 'uig', 'smj', 'liv', 'kpv']","[4, 8]",1.0,22,
hi,simple,min_distance,"['fas', 'urd', 'sin', 'mar', 'ben', 'tgk', 'guj', 'nep', 'ori', 'pan', 'asm']",[1],0.3685999999999999,11,
hi,simple,diversity,"['fas', 'urd', 'uig', 'sin', 'mar', 'ben', 'tgk', 'guj', 'nep', 'tur', 'kir', 'uzb', 'aze', 'ori', 'pan', 'kaz', 'asm']","[1, 8]",0.5489561279643489,17,
hi,simple,gp_learning,"['myv', 'vep', 'cat', 'mwl', 'vec', 'fin', 'smn', 'ron', 'lad', 'scn', 'por', 'sme', 'ita', 'krl', 'udm', 'srd', 'arg', 'pms', 'glg', 'spa', 'izh', 'est', 'sms', 'ast', 'sma', 'ext', 'nap', 'hun', 'fra', 'lij', 'lmo', 'mdf', 'cos', 'smj', 'liv', 'kpv']","[4, 14]",5.240804573271273,36,
hi,simple,winner,"['myv', 'vep', 'cat', 'mwl', 'vec', 'fin', 'smn', 'ron', 'lad', 'scn', 'por', 'sme', 'ita', 'krl', 'udm', 'srd', 'arg', 'pms', 'glg', 'spa', 'izh', 'est', 'sms', 'ast', 'sma', 'ext', 'nap', 'hun', 'fra', 'lij', 'lmo', 'mdf', 'cos', 'smj', 'liv', 'kpv']","[4, 14]",5.240804573271273,36,
fr,simple,max_distance,"['udm', 'myv', 'uzb', 'kir', 'tur', 'uig', 'mdf', 'sma', 'smj', 'krl', 'kaz', 'est', 'sme', 'izh', 'vep', 'hun', 'sms', 'smn', 'fin', 'kpv', 'aze', 'liv']","[4, 8]",1.0,22,
fr,simple,min_distance,"['mwl', 'ron', 'arg', 'vec', 'cos', 'scn', 'lad', 'por', 'spa', 'ita', 'srd', 'nap', 'pms', 'lij', 'ext', 'lmo', 'glg', 'ast', 'cat']",[14],0.5496631578947369,19,
fr,simple,diversity,"['mwl', 'udm', 'ron', 'myv', 'arg', 'vec', 'cos', 'scn', 'lad', 'mdf', 'sma', 'smj', 'krl', 'por', 'ita', 'spa', 'est', 'srd', 'sme', 'izh', 'vep', 'hun', 'sms', 'smn', 'nap', 'fin', 'pms', 'kpv', 'lij', 'ext', 'lmo', 'glg', 'ast', 'cat', 'liv']","[4, 14]",0.4374786713584396,35,
fr,simple,gp_learning,"['mwl', 'udm', 'ron', 'myv', 'arg', 'vec', 'cos', 'scn', 'lad', 'mdf', 'sma', 'smj', 'krl', 'por', 'ita', 'spa', 'est', 'srd', 'sme', 'izh', 'vep', 'hun', 'sms', 'smn', 'nap', 'fin', 'pms', 'kpv', 'lij', 'ext', 'lmo', 'glg', 'ast', 'cat', 'liv']","[4, 14]",5.07036781843777,35,
fr,simple,winner,"['mwl', 'udm', 'ron', 'myv', 'arg', 'vec', 'cos', 'scn', 'lad', 'mdf', 'sma', 'smj', 'krl', 'por', 'ita', 'spa', 'est', 'srd', 'sme', 'izh', 'vep', 'hun', 'sms', 'smn', 'nap', 'fin', 'pms', 'kpv', 'lij', 'ext', 'lmo', 'glg', 'ast', 'cat', 'liv']","[4, 14]",5.07036781843777,35,
iw,simple,max_distance,"['cos', 'fra', 'est', 'kpv', 'pms', 'scn', 'mdf', 'ron', 'ast', 'lmo', 'ext', 'myv', 'udm', 'izh', 'smn', 'krl', 'srd', 'sme', 'hun', 'ita', 'nap', 'spa', 'glg', 'liv', 'por', 'cat', 'vec', 'lij', 'arg', 'mwl', 'lad', 'fin', 'smj', 'sms', 'vep', 'sma']","[4, 14]",1.0,36,
iw,simple,min_distance,"['amh', 'mlt', 'ara']",[10],0.3806333333333334,3,
iw,simple,diversity,"['amh', 'mlt', 'kan', 'mal', 'tam', 'ara']","[9, 10]",0.30796747495005516,6,
iw,simple,gp_learning,"['cos', 'fra', 'est', 'kpv', 'pms', 'scn', 'mdf', 'ron', 'ast', 'lmo', 'ext', 'myv', 'udm', 'izh', 'smn', 'krl', 'srd', 'sme', 'hun', 'ita', 'nap', 'spa', 'glg', 'liv', 'por', 'cat', 'vec', 'lij', 'arg', 'mwl', 'lad', 'fin', 'smj', 'sms', 'vep', 'sma']","[4, 14]",5.25,36,
iw,simple,winner,"['cos', 'fra', 'est', 'kpv', 'pms', 'scn', 'mdf', 'ron', 'ast', 'lmo', 'ext', 'myv', 'udm', 'izh', 'smn', 'krl', 'srd', 'sme', 'hun', 'ita', 'nap', 'spa', 'glg', 'liv', 'por', 'cat', 'vec', 'lij', 'arg', 'mwl', 'lad', 'fin', 'smj', 'sms', 'vep', 'sma']","[4, 14]",5.25,36,
it,simple,max_distance,"['kpv', 'smn', 'kir', 'sms', 'kaz', 'vep', 'fin', 'liv', 'sma', 'uig', 'tur', 'smj', 'krl', 'izh', 'sme', 'uzb', 'mdf', 'udm', 'aze', 'hun', 'myv', 'est']","[4, 8]",1.0,22,
it,simple,min_distance,"['por', 'ron', 'lmo', 'fra', 'srd', 'ext', 'cos', 'mwl', 'scn', 'arg', 'nap', 'lad', 'lij', 'glg', 'vec', 'ast', 'cat', 'spa', 'pms']",[14],0.5501052631578947,19,
it,simple,diversity,"['kpv', 'smn', 'por', 'sms', 'ron', 'lmo', 'vep', 'fin', 'fra', 'srd', 'ext', 'liv', 'sma', 'cos', 'mwl', 'smj', 'scn', 'arg', 'krl', 'nap', 'lad', 'izh', 'lij', 'sme', 'mdf', 'udm', 'glg', 'hun', 'myv', 'est', 'vec', 'ast', 'cat', 'spa', 'pms']","[4, 14]",0.5783390104679677,35,
it,simple,gp_learning,"['kpv', 'smn', 'por', 'sms', 'ron', 'lmo', 'vep', 'fin', 'fra', 'srd', 'ext', 'liv', 'sma', 'cos', 'mwl', 'smj', 'scn', 'arg', 'krl', 'nap', 'lad', 'izh', 'lij', 'sme', 'mdf', 'udm', 'glg', 'hun', 'myv', 'est', 'vec', 'ast', 'cat', 'spa', 'pms']","[4, 14]",5.066012889085588,35,
it,simple,winner,"['kpv', 'smn', 'por', 'sms', 'ron', 'lmo', 'vep', 'fin', 'fra', 'srd', 'ext', 'liv', 'sma', 'cos', 'mwl', 'smj', 'scn', 'arg', 'krl', 'nap', 'lad', 'izh', 'lij', 'sme', 'mdf', 'udm', 'glg', 'hun', 'myv', 'est', 'vec', 'ast', 'cat', 'spa', 'pms']","[4, 14]",5.066012889085588,35,
pt,simple,max_distance,"['kaz', 'hun', 'fin', 'tur', 'krl', 'vep', 'kpv', 'liv', 'smn', 'izh', 'myv', 'smj', 'uig', 'aze', 'sma', 'sms', 'mdf', 'sme', 'udm', 'est', 'kir', 'uzb']","[4, 8]",1.0,22,
pt,simple,min_distance,"['mwl', 'spa', 'cos', 'ext', 'lij', 'ron', 'lad', 'cat', 'ita', 'glg', 'arg', 'vec', 'ast', 'scn', 'pms', 'fra', 'nap', 'srd', 'lmo']",[14],0.6667736842105263,19,
pt,simple,diversity,"['mwl', 'hun', 'fin', 'spa', 'cos', 'krl', 'ext', 'vep', 'lij', 'kpv', 'liv', 'smn', 'izh', 'myv', 'smj', 'ron', 'sma', 'sms', 'mdf', 'lad', 'cat', 'ita', 'glg', 'arg', 'sme', 'vec', 'ast', 'udm', 'est', 'scn', 'pms', 'fra', 'nap', 'srd', 'lmo']","[4, 14]",0.6162337916117079,35,
pt,simple,gp_learning,"['mwl', 'hun', 'fin', 'spa', 'cos', 'krl', 'ext', 'vep', 'lij', 'kpv', 'liv', 'smn', 'izh', 'myv', 'smj', 'ron', 'sma', 'sms', 'mdf', 'lad', 'cat', 'ita', 'glg', 'arg', 'sme', 'vec', 'ast', 'udm', 'est', 'scn', 'pms', 'fra', 'nap', 'srd', 'lmo']","[4, 14]",5.069578349442915,35,
pt,simple,winner,"['mwl', 'hun', 'fin', 'spa', 'cos', 'krl', 'ext', 'vep', 'lij', 'kpv', 'liv', 'smn', 'izh', 'myv', 'smj', 'ron', 'sma', 'sms', 'mdf', 'lad', 'cat', 'ita', 'glg', 'arg', 'sme', 'vec', 'ast', 'udm', 'est', 'scn', 'pms', 'fra', 'nap', 'srd', 'lmo']","[4, 14]",5.069578349442915,35,
ta,simple,max_distance,"['lad', 'lij', 'udm', 'fra', 'smj', 'sme', 'smn', 'spa', 'cat', 'mdf', 'cos', 'krl', 'ast', 'myv', 'scn', 'kpv', 'arg', 'pms', 'sma', 'por', 'izh', 'est', 'ext', 'ita', 'lmo', 'ron', 'nap', 'mwl', 'hun', 'glg', 'liv', 'sms', 'srd', 'vep', 'vec', 'fin']","[4, 14]",1.0,36,
ta,simple,min_distance,"['mal', 'kan']",[9],0.5151,2,
ta,simple,diversity,"['ell', 'mal', 'kan']","[9, 21]",0.460134862194545,3,
ta,simple,gp_learning,"['lad', 'lij', 'udm', 'fra', 'smj', 'sme', 'smn', 'spa', 'cat', 'mdf', 'cos', 'krl', 'ast', 'myv', 'scn', 'kpv', 'arg', 'pms', 'sma', 'por', 'izh', 'est', 'ext', 'ita', 'lmo', 'ron', 'nap', 'mwl', 'hun', 'glg', 'liv', 'sms', 'srd', 'vep', 'vec', 'fin']","[4, 14]",5.25,36,
ta,simple,winner,"['lad', 'lij', 'udm', 'fra', 'smj', 'sme', 'smn', 'spa', 'cat', 'mdf', 'cos', 'krl', 'ast', 'myv', 'scn', 'kpv', 'arg', 'pms', 'sma', 'por', 'izh', 'est', 'ext', 'ita', 'lmo', 'ron', 'nap', 'mwl', 'hun', 'glg', 'liv', 'sms', 'srd', 'vep', 'vec', 'fin']","[4, 14]",5.25,36,
de,simple,max_distance,"['sms', 'hun', 'sma', 'uzb', 'liv', 'aze', 'myv', 'smj', 'est', 'kpv', 'izh', 'uig', 'smn', 'krl', 'fin', 'kaz', 'vep', 'udm', 'tur', 'sme', 'kir', 'mdf']","[4, 8]",1.0,22,
de,simple,min_distance,"['dan', 'fao', 'ltz', 'nor', 'swe', 'nld', 'eng', 'isl', 'afr']",[3],0.45620000000000005,9,
de,simple,diversity,"['dan', 'fao', 'kir', 'ltz', 'kaz', 'nor', 'uig', 'tur', 'swe', 'uzb', 'aze', 'nld', 'eng', 'isl', 'afr']","[3, 8]",0.564762029397845,15,
de,simple,gp_learning,"['sms', 'pms', 'hun', 'nap', 'sma', 'liv', 'scn', 'ita', 'vec', 'lad', 'arg', 'ext', 'myv', 'ron', 'ast', 'smj', 'por', 'est', 'kpv', 'izh', 'spa', 'smn', 'krl', 'fin', 'glg', 'vep', 'udm', 'lmo', 'sme', 'lij', 'srd', 'fra', 'cat', 'mdf', 'cos', 'mwl']","[4, 14]",5.240064673849917,36,
de,simple,winner,"['sms', 'pms', 'hun', 'nap', 'sma', 'liv', 'scn', 'ita', 'vec', 'lad', 'arg', 'ext', 'myv', 'ron', 'ast', 'smj', 'por', 'est', 'kpv', 'izh', 'spa', 'smn', 'krl', 'fin', 'glg', 'vep', 'udm', 'lmo', 'sme', 'lij', 'srd', 'fra', 'cat', 'mdf', 'cos', 'mwl']","[4, 14]",5.240064673849917,36,
uk,simple,max_distance,"['myv', 'smj', 'vep', 'sma', 'uig', 'kpv', 'krl', 'kaz', 'liv', 'kir', 'udm', 'sms', 'fin', 'est', 'mdf', 'izh', 'uzb', 'hun', 'smn', 'tur', 'aze', 'sme']","[4, 8]",1.0,22,
uk,simple,min_distance,"['pol', 'lav', 'lit', 'srp', 'hrv', 'slv', 'ces', 'bul', 'rus', 'slk', 'hye', 'bel']",[0],0.40926666666666656,12,
uk,simple,diversity,"['srp', 'slv', 'ces', 'bul', 'uig', 'lav', 'lit', 'kaz', 'rus', 'kir', 'slk', 'uzb', 'tur', 'aze', 'bel', 'pol', 'hrv', 'hye']","[0, 8]",0.41794005914161664,18,
uk,simple,gp_learning,"['scn', 'myv', 'smj', 'nap', 'por', 'ext', 'vep', 'sma', 'lad', 'fra', 'kpv', 'krl', 'cos', 'liv', 'pms', 'udm', 'cat', 'sms', 'fin', 'spa', 'est', 'vec', 'mdf', 'izh', 'ast', 'hun', 'smn', 'glg', 'mwl', 'ron', 'lij', 'arg', 'sme', 'ita', 'srd', 'lmo']","[4, 14]",5.239113832787022,36,
uk,simple,winner,"['scn', 'myv', 'smj', 'nap', 'por', 'ext', 'vep', 'sma', 'lad', 'fra', 'kpv', 'krl', 'cos', 'liv', 'pms', 'udm', 'cat', 'sms', 'fin', 'spa', 'est', 'vec', 'mdf', 'izh', 'ast', 'hun', 'smn', 'glg', 'mwl', 'ron', 'lij', 'arg', 'sme', 'ita', 'srd', 'lmo']","[4, 14]",5.239113832787022,36,
pl,simple,max_distance,"['liv', 'smj', 'uig', 'est', 'udm', 'kpv', 'krl', 'vep', 'mdf', 'kir', 'sma', 'tur', 'kaz', 'aze', 'izh', 'smn', 'uzb', 'hun', 'sme', 'sms', 'fin', 'myv']","[4, 8]",1.0,22,
pl,simple,min_distance,"['lit', 'slv', 'hrv', 'bel', 'lav', 'hye', 'bul', 'ces', 'rus', 'srp', 'slk', 'ukr']",[0],0.39754999999999996,12,
pl,simple,diversity,"['rus', 'uig', 'srp', 'slk', 'ukr', 'slv', 'hrv', 'bul', 'lav', 'kir', 'tur', 'kaz', 'aze', 'lit', 'uzb', 'bel', 'hye', 'ces']","[0, 8]",0.35953280484617467,18,
pl,simple,gp_learning,"['liv', 'glg', 'smj', 'lij', 'est', 'scn', 'por', 'udm', 'kpv', 'krl', 'vep', 'cat', 'lmo', 'mdf', 'arg', 'fra', 'cos', 'sma', 'vec', 'lad', 'ext', 'spa', 'ron', 'nap', 'izh', 'smn', 'hun', 'sme', 'srd', 'mwl', 'ita', 'pms', 'sms', 'fin', 'myv', 'ast']","[4, 14]",5.239113832787022,36,
pl,simple,winner,"['liv', 'glg', 'smj', 'lij', 'est', 'scn', 'por', 'udm', 'kpv', 'krl', 'vep', 'cat', 'lmo', 'mdf', 'arg', 'fra', 'cos', 'sma', 'vec', 'lad', 'ext', 'spa', 'ron', 'nap', 'izh', 'smn', 'hun', 'sme', 'srd', 'mwl', 'ita', 'pms', 'sms', 'fin', 'myv', 'ast']","[4, 14]",5.239113832787022,36,
ru,simple,max_distance,"['myv', 'aze', 'smj', 'tur', 'sma', 'vep', 'est', 'izh', 'mdf', 'hun', 'krl', 'sme', 'fin', 'smn', 'uig', 'udm', 'liv', 'kir', 'sms', 'uzb', 'kpv', 'kaz']","[4, 8]",1.0,22,
ru,simple,min_distance,"['slv', 'lit', 'bel', 'slk', 'lav', 'pol', 'bul', 'ces', 'ukr', 'hye', 'hrv', 'srp']",[0],0.47382499999999994,12,
ru,simple,diversity,"['tam', 'slv', 'mal', 'lit', 'bel', 'kan', 'slk', 'lav', 'pol', 'bul', 'ces', 'ukr', 'hye', 'hrv', 'srp']","[0, 9]",0.553931771067574,15,
ru,simple,gp_learning,"['myv', 'arg', 'scn', 'smj', 'ron', 'ast', 'lij', 'sma', 'vep', 'est', 'lmo', 'ext', 'izh', 'mdf', 'fra', 'hun', 'krl', 'sme', 'srd', 'fin', 'lad', 'smn', 'mwl', 'cos', 'cat', 'nap', 'ita', 'glg', 'pms', 'spa', 'udm', 'liv', 'sms', 'por', 'kpv', 'vec']","[4, 14]",5.237819711399428,36,
ru,simple,winner,"['myv', 'arg', 'scn', 'smj', 'ron', 'ast', 'lij', 'sma', 'vep', 'est', 'lmo', 'ext', 'izh', 'mdf', 'fra', 'hun', 'krl', 'sme', 'srd', 'fin', 'lad', 'smn', 'mwl', 'cos', 'cat', 'nap', 'ita', 'glg', 'pms', 'spa', 'udm', 'liv', 'sms', 'por', 'kpv', 'vec']","[4, 14]",5.237819711399428,36,
ja,simple,max_distance,"['por', 'fin', 'mwl', 'pms', 'scn', 'lad', 'lij', 'liv', 'ext', 'ast', 'myv', 'cat', 'krl', 'vec', 'srd', 'ron', 'sme', 'smj', 'cos', 'kpv', 'arg', 'lmo', 'nap', 'est', 'ita', 'spa', 'mdf', 'vep', 'sma', 'sms', 'izh', 'fra', 'udm', 'hun', 'glg', 'smn']","[4, 14]",1.0,36,
ja,simple,min_distance,"['por', 'fin', 'mwl', 'pms', 'scn', 'lad', 'lij', 'liv', 'ext', 'ast', 'myv', 'cat', 'krl', 'vec', 'srd', 'ron', 'sme', 'smj', 'cos', 'kpv', 'arg', 'lmo', 'nap', 'est', 'ita', 'spa', 'mdf', 'vep', 'sma', 'sms', 'izh', 'fra', 'udm', 'hun', 'glg', 'smn']","[4, 14]",0.0,36,
ja,simple,diversity,"['por', 'fin', 'mwl', 'pms', 'scn', 'lad', 'lij', 'liv', 'ext', 'ast', 'myv', 'cat', 'krl', 'vec', 'srd', 'ron', 'sme', 'smj', 'cos', 'kpv', 'arg', 'lmo', 'nap', 'est', 'ita', 'spa', 'mdf', 'vep', 'sma', 'sms', 'izh', 'fra', 'udm', 'hun', 'glg', 'smn']","[4, 14]",0.0,36,
ja,simple,gp_learning,"['por', 'fin', 'mwl', 'pms', 'scn', 'lad', 'lij', 'liv', 'ext', 'ast', 'myv', 'cat', 'krl', 'vec', 'srd', 'ron', 'sme', 'smj', 'cos', 'kpv', 'arg', 'lmo', 'nap', 'est', 'ita', 'spa', 'mdf', 'vep', 'sma', 'sms', 'izh', 'fra', 'udm', 'hun', 'glg', 'smn']","[4, 14]",5.25,36,
ja,simple,winner,"['por', 'fin', 'mwl', 'pms', 'scn', 'lad', 'lij', 'liv', 'ext', 'ast', 'myv', 'cat', 'krl', 'vec', 'srd', 'ron', 'sme', 'smj', 'cos', 'kpv', 'arg', 'lmo', 'nap', 'est', 'ita', 'spa', 'mdf', 'vep', 'sma', 'sms', 'izh', 'fra', 'udm', 'hun', 'glg', 'smn']","[4, 14]",5.25,36,
nl,simple,max_distance,"['sms', 'tur', 'smj', 'kaz', 'fin', 'hun', 'kir', 'smn', 'uzb', 'izh', 'vep', 'est', 'aze', 'uig', 'liv', 'udm', 'kpv', 'sma', 'mdf', 'krl', 'myv', 'sme']","[4, 8]",1.0,22,
nl,simple,min_distance,"['fao', 'afr', 'swe', 'nor', 'deu', 'dan', 'isl', 'eng', 'ltz']",[3],0.3508444444444445,9,
nl,simple,diversity,"['fao', 'afr', 'uzb', 'kaz', 'swe', 'nor', 'deu', 'dan', 'isl', 'aze', 'uig', 'eng', 'kir', 'tur', 'ltz']","[3, 8]",0.33278185638446756,15,
nl,simple,gp_learning,"['ita', 'cos', 'sms', 'nap', 'vec', 'smj', 'pms', 'ast', 'lad', 'fin', 'hun', 'mwl', 'arg', 'smn', 'izh', 'vep', 'est', 'lij', 'cat', 'ext', 'spa', 'liv', 'udm', 'glg', 'lmo', 'ron', 'kpv', 'srd', 'scn', 'sma', 'fra', 'mdf', 'krl', 'por', 'myv', 'sme']","[4, 14]",5.2418880368761185,36,
nl,simple,winner,"['ita', 'cos', 'sms', 'nap', 'vec', 'smj', 'pms', 'ast', 'lad', 'fin', 'hun', 'mwl', 'arg', 'smn', 'izh', 'vep', 'est', 'lij', 'cat', 'ext', 'spa', 'liv', 'udm', 'glg', 'lmo', 'ron', 'kpv', 'srd', 'scn', 'sma', 'fra', 'mdf', 'krl', 'por', 'myv', 'sme']","[4, 14]",5.2418880368761185,36,
bn,simple,max_distance,"['liv', 'myv', 'kir', 'tur', 'kpv', 'smj', 'sme', 'uzb', 'kaz', 'izh', 'hun', 'uig', 'sms', 'sma', 'krl', 'fin', 'aze', 'smn', 'udm', 'mdf', 'est', 'vep']","[4, 8]",1.0,22,
bn,simple,min_distance,"['ori', 'asm', 'sin', 'tgk', 'urd', 'fas', 'pan', 'mar', 'guj', 'hin', 'nep']",[1],0.33602727272727273,11,
bn,simple,diversity,"['ori', 'asm', 'sin', 'tgk', 'amh', 'urd', 'fas', 'mlt', 'pan', 'heb', 'mar', 'guj', 'ara', 'hin', 'nep']","[1, 10]",0.3474119693844275,15,
bn,simple,gp_learning,"['liv', 'ita', 'ast', 'myv', 'fra', 'srd', 'por', 'spa', 'kpv', 'smj', 'cos', 'arg', 'mwl', 'sme', 'ext', 'vec', 'lij', 'nap', 'scn', 'izh', 'cat', 'hun', 'sms', 'sma', 'krl', 'lmo', 'fin', 'glg', 'smn', 'udm', 'lad', 'mdf', 'pms', 'ron', 'est', 'vep']","[4, 14]",5.240804573271273,36,
bn,simple,winner,"['liv', 'ita', 'ast', 'myv', 'fra', 'srd', 'por', 'spa', 'kpv', 'smj', 'cos', 'arg', 'mwl', 'sme', 'ext', 'vec', 'lij', 'nap', 'scn', 'izh', 'cat', 'hun', 'sms', 'sma', 'krl', 'lmo', 'fin', 'glg', 'smn', 'udm', 'lad', 'mdf', 'pms', 'ron', 'est', 'vep']","[4, 14]",5.240804573271273,36,
bn,hierarchical,max_distance,"['fin', 'hun', 'tur', 'uig']","[4, 8]",1.0,4,"{'4': ['fin', 'hun'], '8': ['tur', 'uig']}"
bn,hierarchical,min_distance,"['asm', 'ori']",[1],0.5766,2,"{'1': ['asm', 'ori']}"
bn,hierarchical,diversity,"['hin', 'fas', 'zho', 'mya']","[1, 2]",0.18713426582001064,4,"{'1': ['hin', 'fas'], '2': ['zho', 'mya']}"
bn,hierarchical,gp_learning,"['hin', 'fas', 'zho', 'mya']","[1, 2]",0.3888930886066702,4,"{'1': ['hin', 'fas'], '2': ['zho', 'mya']}"
bn,hierarchical,winner,"['fin', 'hun', 'tur', 'uig']","[4, 8]",1.0,4,"{'4': ['fin', 'hun'], '8': ['tur', 'uig']}"
ja,hierarchical,max_distance,"['fin', 'hun', 'spa', 'fra']","[4, 14]",1.0,4,"{'4': ['fin', 'hun'], '14': ['spa', 'fra']}"
ja,hierarchical,min_distance,"['fin', 'hun', 'spa', 'fra']","[4, 14]",0.0,4,"{'4': ['fin', 'hun'], '14': ['spa', 'fra']}"
ja,hierarchical,diversity,"['fin', 'hun', 'spa', 'fra']","[4, 14]",0.0,4,"{'4': ['fin', 'hun'], '14': ['spa', 'fra']}"
ja,hierarchical,gp_learning,"['fin', 'hun', 'spa', 'fra']","[4, 14]",0.36,4,"{'4': ['fin', 'hun'], '14': ['spa', 'fra']}"
ja,hierarchical,winner,"['fin', 'hun', 'spa', 'fra']","[4, 14]",1.0,4,"{'4': ['fin', 'hun'], '14': ['spa', 'fra']}"
nl,hierarchical,max_distance,"['fin', 'hun', 'tur', 'uig']","[4, 8]",1.0,4,"{'4': ['fin', 'hun'], '8': ['tur', 'uig']}"
nl,hierarchical,min_distance,"['afr', 'deu']",[3],0.511,2,"{'3': ['afr', 'deu']}"
nl,hierarchical,diversity,"['eng', 'deu', 'ara', 'heb']","[3, 10]",0.3123659702970261,4,"{'3': ['eng', 'deu'], '10': ['ara', 'heb']}"
nl,hierarchical,gp_learning,"['eng', 'deu', 'tur', 'uig']","[3, 8]",0.4097619900990087,4,"{'3': ['eng', 'deu'], '8': ['tur', 'uig']}"
nl,hierarchical,winner,"['fin', 'hun', 'tur', 'uig']","[4, 8]",1.0,4,"{'4': ['fin', 'hun'], '8': ['tur', 'uig']}"
ta,hierarchical,max_distance,"['fin', 'hun', 'spa', 'fra']","[4, 14]",1.0,4,"{'4': ['fin', 'hun'], '14': ['spa', 'fra']}"
ta,hierarchical,min_distance,"['mal', 'kan']",[9],0.5151,2,"{'9': ['mal', 'kan']}"
ta,hierarchical,diversity,"['kan', 'mal', 'ara', 'heb']","[9, 10]",0.46100650152903244,4,"{'9': ['kan', 'mal'], '10': ['ara', 'heb']}"
ta,hierarchical,gp_learning,"['rus', 'pol', 'kan', 'mal']","[0, 9]",0.43839550050967746,4,"{'0': ['rus', 'pol'], '9': ['kan', 'mal']}"
ta,hierarchical,winner,"['fin', 'hun', 'spa', 'fra']","[4, 14]",1.0,4,"{'4': ['fin', 'hun'], '14': ['spa', 'fra']}"
pl,hierarchical,max_distance,"['fin', 'hun', 'tur', 'uig']","[4, 8]",1.0,4,"{'4': ['fin', 'hun'], '8': ['tur', 'uig']}"
pl,hierarchical,min_distance,"['slk', 'ces']",[0],0.55575,2,"{'0': ['slk', 'ces']}"
pl,hierarchical,diversity,"['rus', 'ces', 'zho', 'mya']","[0, 2]",0.35730190186595523,4,"{'0': ['rus', 'ces'], '2': ['zho', 'mya']}"
pl,hierarchical,gp_learning,"['rus', 'ces', 'vie', 'khm']","[0, 6]",0.41226230062198505,4,"{'0': ['rus', 'ces'], '6': ['vie', 'khm']}"
pl,hierarchical,winner,"['fin', 'hun', 'tur', 'uig']","[4, 8]",1.0,4,"{'4': ['fin', 'hun'], '8': ['tur', 'uig']}"
ru,hierarchical,max_distance,"['fin', 'hun', 'tur', 'uig']","[4, 8]",1.0,4,"{'4': ['fin', 'hun'], '8': ['tur', 'uig']}"
ru,hierarchical,min_distance,"['bel', 'ukr']",[0],0.8524,2,"{'0': ['bel', 'ukr']}"
ru,hierarchical,diversity,"['pol', 'ces', 'vie', 'khm']","[0, 6]",0.32079188233417,4,"{'0': ['pol', 'ces'], '6': ['vie', 'khm']}"
ru,hierarchical,gp_learning,"['pol', 'ces', 'zho', 'mya']","[0, 2]",0.40694229411139,4,"{'0': ['pol', 'ces'], '2': ['zho', 'mya']}"
ru,hierarchical,winner,"['fin', 'hun', 'tur', 'uig']","[4, 8]",1.0,4,"{'4': ['fin', 'hun'], '8': ['tur', 'uig']}"
uk,hierarchical,max_distance,"['fin', 'hun', 'tur', 'uig']","[4, 8]",1.0,4,"{'4': ['fin', 'hun'], '8': ['tur', 'uig']}"
uk,hierarchical,min_distance,"['rus', 'bel']",[0],0.7048,2,"{'0': ['rus', 'bel']}"
uk,hierarchical,diversity,"['rus', 'pol', 'zho', 'mya']","[0, 2]",0.4604312351506201,4,"{'0': ['rus', 'pol'], '2': ['zho', 'mya']}"
uk,hierarchical,gp_learning,"['rus', 'pol', 'vie', 'khm']","[0, 6]",0.4342587450502067,4,"{'0': ['rus', 'pol'], '6': ['vie', 'khm']}"
uk,hierarchical,winner,"['fin', 'hun', 'tur', 'uig']","[4, 8]",1.0,4,"{'4': ['fin', 'hun'], '8': ['tur', 'uig']}"
de,hierarchical,max_distance,"['fin', 'hun', 'tur', 'uig']","[4, 8]",1.0,4,"{'4': ['fin', 'hun'], '8': ['tur', 'uig']}"
de,hierarchical,min_distance,"['ltz', 'afr']",[3],0.7804,2,"{'3': ['ltz', 'afr']}"
de,hierarchical,diversity,"['eng', 'nld', 'ara', 'heb']","[3, 10]",0.319115499298941,4,"{'3': ['eng', 'nld'], '10': ['ara', 'heb']}"
de,hierarchical,gp_learning,"['hin', 'fas', 'eng', 'nld']","[1, 3]",0.37820003046921197,4,"{'1': ['hin', 'fas'], '3': ['eng', 'nld']}"
de,hierarchical,winner,"['fin', 'hun', 'tur', 'uig']","[4, 8]",1.0,4,"{'4': ['fin', 'hun'], '8': ['tur', 'uig']}"
it,hierarchical,max_distance,"['fin', 'hun', 'tur', 'uig']","[4, 8]",1.0,4,"{'4': ['fin', 'hun'], '8': ['tur', 'uig']}"
it,hierarchical,min_distance,"['scn', 'nap']",[14],1.0,2,"{'14': ['scn', 'nap']}"
it,hierarchical,diversity,"['fin', 'hun', 'spa', 'fra']","[4, 14]",0.32935000000000003,4,"{'4': ['fin', 'hun'], '14': ['spa', 'fra']}"
it,hierarchical,gp_learning,"['fin', 'hun', 'spa', 'fra']","[4, 14]",0.40705,4,"{'4': ['fin', 'hun'], '14': ['spa', 'fra']}"
it,hierarchical,winner,"['fin', 'hun', 'tur', 'uig']","[4, 8]",1.0,4,"{'4': ['fin', 'hun'], '8': ['tur', 'uig']}"
pt,hierarchical,max_distance,"['fin', 'hun', 'tur', 'uig']","[4, 8]",1.0,4,"{'4': ['fin', 'hun'], '8': ['tur', 'uig']}"
pt,hierarchical,min_distance,"['glg', 'ast']",[14],1.0,2,"{'14': ['glg', 'ast']}"
pt,hierarchical,diversity,"['fin', 'hun', 'spa', 'fra']","[4, 14]",0.5396007253910016,4,"{'4': ['fin', 'hun'], '14': ['spa', 'fra']}"
pt,hierarchical,gp_learning,"['fin', 'hun', 'spa', 'fra']","[4, 14]",0.44341690846366716,4,"{'4': ['fin', 'hun'], '14': ['spa', 'fra']}"
pt,hierarchical,winner,"['fin', 'hun', 'tur', 'uig']","[4, 8]",1.0,4,"{'4': ['fin', 'hun'], '8': ['tur', 'uig']}"
fr,hierarchical,max_distance,"['fin', 'hun', 'tur', 'uig']","[4, 8]",1.0,4,"{'4': ['fin', 'hun'], '8': ['tur', 'uig']}"
fr,hierarchical,min_distance,"['vec', 'lij']",[14],0.6723,2,"{'14': ['vec', 'lij']}"
fr,hierarchical,diversity,"['fin', 'hun', 'spa', 'ita']","[4, 14]",0.3682333390978211,4,"{'4': ['fin', 'hun'], '14': ['spa', 'ita']}"
fr,hierarchical,gp_learning,"['fin', 'hun', 'spa', 'ita']","[4, 14]",0.41422777969927366,4,"{'4': ['fin', 'hun'], '14': ['spa', 'ita']}"
fr,hierarchical,winner,"['fin', 'hun', 'tur', 'uig']","[4, 8]",1.0,4,"{'4': ['fin', 'hun'], '8': ['tur', 'uig']}"
iw,hierarchical,max_distance,"['fin', 'hun', 'spa', 'fra']","[4, 14]",1.0,4,"{'4': ['fin', 'hun'], '14': ['spa', 'fra']}"
iw,hierarchical,min_distance,"['ara', 'mlt']",[10],0.42995000000000005,2,"{'10': ['ara', 'mlt']}"
iw,hierarchical,diversity,"['tam', 'kan', 'ara', 'mlt']","[9, 10]",0.31933394994010744,4,"{'9': ['tam', 'kan'], '10': ['ara', 'mlt']}"
iw,hierarchical,gp_learning,"['fin', 'hun', 'spa', 'fra']","[4, 14]",0.36,4,"{'4': ['fin', 'hun'], '14': ['spa', 'fra']}"
iw,hierarchical,winner,"['fin', 'hun', 'spa', 'fra']","[4, 14]",1.0,4,"{'4': ['fin', 'hun'], '14': ['spa', 'fra']}"
ko,hierarchical,max_distance,"['fin', 'hun', 'spa', 'fra']","[4, 14]",1.0,4,"{'4': ['fin', 'hun'], '14': ['spa', 'fra']}"
ko,hierarchical,min_distance,"['fin', 'hun', 'spa', 'fra']","[4, 14]",0.0,4,"{'4': ['fin', 'hun'], '14': ['spa', 'fra']}"
ko,hierarchical,diversity,"['fin', 'hun', 'spa', 'fra']","[4, 14]",0.0,4,"{'4': ['fin', 'hun'], '14': ['spa', 'fra']}"
ko,hierarchical,gp_learning,"['fin', 'hun', 'spa', 'fra']","[4, 14]",0.36,4,"{'4': ['fin', 'hun'], '14': ['spa', 'fra']}"
ko,hierarchical,winner,"['fin', 'hun', 'spa', 'fra']","[4, 14]",1.0,4,"{'4': ['fin', 'hun'], '14': ['spa', 'fra']}"
hi,hierarchical,max_distance,"['fin', 'hun', 'tur', 'uig']","[4, 8]",1.0,4,"{'4': ['fin', 'hun'], '8': ['tur', 'uig']}"
hi,hierarchical,min_distance,"['urd', 'guj']",[1],0.75325,2,"{'1': ['urd', 'guj']}"
hi,hierarchical,diversity,"['fas', 'urd', 'tel']","[1, 20]",0.6592574149373553,3,"{'1': ['fas', 'urd'], '20': ['tel']}"
hi,hierarchical,gp_learning,"['fas', 'urd', 'zho', 'mya']","[1, 2]",0.4824807545590895,4,"{'1': ['fas', 'urd'], '2': ['zho', 'mya']}"
hi,hierarchical,winner,"['fin', 'hun', 'tur', 'uig']","[4, 8]",1.0,4,"{'4': ['fin', 'hun'], '8': ['tur', 'uig']}"
fa,hierarchical,max_distance,"['fin', 'hun', 'tur', 'uig']","[4, 8]",1.0,4,"{'4': ['fin', 'hun'], '8': ['tur', 'uig']}"
fa,hierarchical,min_distance,"['tgk', 'nep']",[1],0.43795000000000006,2,"{'1': ['tgk', 'nep']}"
fa,hierarchical,diversity,"['hin', 'urd', 'zho', 'mya']","[1, 2]",0.13979,4,"{'1': ['hin', 'urd'], '2': ['zho', 'mya']}"
fa,hierarchical,gp_learning,"['hin', 'urd', 'zho', 'mya']","[1, 2]",0.37997,4,"{'1': ['hin', 'urd'], '2': ['zho', 'mya']}"
fa,hierarchical,winner,"['fin', 'hun', 'tur', 'uig']","[4, 8]",1.0,4,"{'4': ['fin', 'hun'], '8': ['tur', 'uig']}"
vi,hierarchical,max_distance,"['fin', 'hun', 'spa', 'fra']","[4, 14]",1.0,4,"{'4': ['fin', 'hun'], '14': ['spa', 'fra']}"
vi,hierarchical,min_distance,['khm'],[6],0.26770000000000005,1,{'6': ['khm']}
vi,hierarchical,diversity,"['khm', 'tel']","[6, 20]",0.18739000000000003,2,"{'6': ['khm'], '20': ['tel']}"
vi,hierarchical,gp_learning,"['khm', 'spa', 'fra']","[6, 14]",0.37416233137648514,3,"{'6': ['khm'], '14': ['spa', 'fra']}"
vi,hierarchical,winner,"['fin', 'hun', 'spa', 'fra']","[4, 14]",1.0,4,"{'4': ['fin', 'hun'], '14': ['spa', 'fra']}"
es,hierarchical,max_distance,"['fin', 'hun', 'tur', 'uig']","[4, 8]",1.0,4,"{'4': ['fin', 'hun'], '8': ['tur', 'uig']}"
es,hierarchical,min_distance,"['lad', 'ext']",[14],0.9998,2,"{'14': ['lad', 'ext']}"
es,hierarchical,diversity,"['fin', 'hun', 'fra', 'ita']","[4, 14]",0.3682333390978211,4,"{'4': ['fin', 'hun'], '14': ['fra', 'ita']}"
es,hierarchical,gp_learning,"['fin', 'hun', 'fra', 'ita']","[4, 14]",0.41422777969927366,4,"{'4': ['fin', 'hun'], '14': ['fra', 'ita']}"
es,hierarchical,winner,"['fin', 'hun', 'tur', 'uig']","[4, 8]",1.0,4,"{'4': ['fin', 'hun'], '8': ['tur', 'uig']}"
